,country,year,born,male_born,female_born,birth_rate,fertility_rate,variation
0,Spain,2017,393181.0,202478.0,190703.0,841.0,1.31,-1.92
1,Germany,2017,784901.0,402517.0,382384.0,950.0,1.57,-1.88
2,United Kingdom,2017,754754.0,387030.0,367724.0,1140.0,1.74,-2.79
3,France,2017,770045.0,394058.0,375987.0,1150.0,1.89,-1.56
4,Italy,2017,458151.0,235733.0,222418.0,760.0,1.32,-1.49
5,Portugal,2017,86154.0,44072.0,42082.0,840.0,1.38,1.47
6,Usa,2017,0,0,0,1180.0,1.77,-3.02
7,Japan,2017,0,0,0,760.0,1.43,-0.69
8,China,2017,0,0,0,1264.0,1.68,0.48
9,Andorra,2016,634.0,364.0,373.0,880.0,1.27,6.72
10,United Arab Emirates,2017,0,0,0,1046.0,1.45,-2.88
11,Afghanistan,2017,0,0,0,3321.0,4.63,-3.48
12,Antigua Barbuda,2017,0,0,0,1553.0,2.0,-0.2
13,Albanian,2017,30869.0,16208.0,14661.0,1070.0,1.48,-3.9
14,Armenia,2017,37700.0,19731.0,17969.0,1270.0,1.56,-3.7
15,Angola,2017,0,0,0,4128.0,5.6,-1.51
16,Argentina,2017,0,0,0,1721.0,2.28,-0.57
17,Austria,2017,87633.0,45253.0,42380.0,1000.0,1.52,-0.65
18,Australia,2017,0,0,0,1260.0,1.74,-0.63
19,Azerbaijan,2017,144041.0,76584.0,67457.0,1460.0,1.75,-7.89
20,Bosnia Herzegovina,2017,29158.0,16790.0,15757.0,830.0,1.28,-0.78
21,Barbados,2017,0,0,0,1068.0,1.62,0.12
22,Bangladesh,2017,0,0,0,1850.0,2.06,-1.34
23,Belgium,2017,119690.0,61179.0,58511.0,1050.0,1.65,-1.79
24,Burkina Faso,2017,0,0,0,3842.0,5.27,-1.53
25,Bulgaria,2017,63955.0,32787.0,31168.0,900.0,1.56,1.3
26,Bahrain,2017,0,0,0,1437.0,2.01,-1.13
27,Burundi,2017,0,0,0,3965.0,5.5,-1.73
28,Benin,2017,0,0,0,3662.0,4.91,-1.43
29,Brunei,2017,0,0,0,1538.0,1.88,-1.78
30,Bolivian,2017,0,0,0,2208.0,2.78,-1.84
31,Brazil,2017,0,0,0,1413.0,1.74,-0.46
32,Bahamas,2017,0,0,0,1405.0,1.76,-0.51
33,Bhutan,2017,0,0,0,1746.0,1.99,-0.99
34,Botswana,2017,0,0,0,2540.0,2.91,-1.09
35,Belarus,2017,102556.0,52712.0,49844.0,1080.0,1.54,-10.98
36,Belize,2017,0,0,0,2108.0,2.35,-1.88
37,Canada,2017,388729.0,199381.0,189348.0,1030.0,1.54,-3.14
38,Democratic Republic Of Congo,2017,0,0,0,4173.0,6.02,-1.55
39,Central African Republic,2017,0,0,0,3566.0,4.8,-1.52
40,Republic Of Congo,2017,0,0,0,3338.0,4.48,-1.19
41,Swiss,2017,87381.0,44873.0,42508.0,1030.0,1.52,-1.3
42,Ivory Coast,2017,0,0,0,3599.0,4.7,-1.16
43,Chili,2017,0,0,0,1271.0,1.68,-2.04
44,Cameroon,2017,0,0,0,3590.0,4.64,-1.47
45,Colombia,2017,649742.0,333299.0,316443.0,1510.0,1.83,-0.98
46,Costa Rica,2017,0,0,0,1425.0,1.77,-0.95
47,Cuba,2017,0,0,0,1039.0,1.64,-1.15
48,Cape Verde,2017,0,0,0,1992.0,2.31,-1.58
49,Cyprus,2017,9229.0,4765.0,4464.0,1070.0,1.32,-3.65
50,Czech Republic,2017,114405.0,58671.0,55734.0,1080.0,1.69,3.68
51,Djibouti,2017,0,0,0,2194.0,2.79,-2.14
52,Denmark,2017,61397.0,31467.0,29930.0,1060.0,1.75,-2.23
53,Dominica,2017,0,0,0,960.0,1.9,0.0
54,Dominican Republic,2017,0,0,0,1980.0,2.37,-0.84
55,Algeria,2017,0,0,0,2485.0,3.05,-0.23
56,Ecuador,2017,0,0,0,1997.0,2.45,-0.97
57,Estonia,2017,13784.0,7191.0,6593.0,1050.0,1.59,-0.63
58,Egypt,2017,0,0,0,2705.0,3.37,-1.17
59,Eritrea,2017,0,0,0,3090.0,4.11,-1.25
60,Ethiopia,2017,0,0,0,3278.0,4.35,-2.38
61,Finland,2017,50321.0,25674.0,24647.0,910.0,1.49,-5.1
62,Fiji,2017,0,0,0,2156.0,2.79,-0.32
63,Federated States Of Micronesia,2017,0,0,0,2294.0,3.1,-1.49
64,Gabon,2017,0,0,0,3216.0,4.01,-0.77
65,Grenade,2017,0,0,0,1670.0,2.08,-1.0
66,Georgia,2017,53293.0,27658.0,25635.0,1430.0,2.14,-4.04
67,Ghana,2017,0,0,0,2984.0,3.93,-1.46
68,Gambia,2017,0,0,0,3897.0,5.28,-1.07
69,Guinea,2017,0,0,0,3677.0,4.78,-1.59
70,Equatorial Guinea,2017,0,0,0,3373.0,4.6,-1.86
71,Greece,2017,88553.0,45686.0,42867.0,820.0,1.35,-2.17
72,Guatemala,2017,0,0,0,2491.0,2.92,-1.78
73,Guinea-Bissau,2017,0,0,0,3570.0,4.55,-1.68
74,Guyana,2017,0,0,0,2020.0,2.49,-0.96
75,Hong Kong,2017,0,0,0,770.0,1.13,-6.64
76,Honduras,2017,0,0,0,2186.0,2.5,-1.58
77,Croatia,2017,36556.0,18845.0,17711.0,890.0,1.42,0.0
78,Haiti,2017,0,0,0,2475.0,2.99,-1.81
79,Hungary,2017,94646.0,48591.0,46055.0,970.0,1.54,0.65
80,Indonesia,2017,0,0,0,1842.0,2.34,-1.1
81,Ireland,2017,61824.0,31779.0,30045.0,1290.0,1.77,-2.21
82,Israel,2017,0,0,0,2110.0,3.11,0.0
83,India,2017,0,0,0,1808.0,2.24,-1.02
84,Iraq,2017,0,0,0,2969.0,3.76,-2.64
85,Iran,2017,0,0,0,1901.0,2.12,1.58
86,Iceland,2017,4071.0,2112.0,1959.0,1190.0,1.71,-1.72
87,Jamaica,2017,0,0,0,1629.0,1.99,-0.8
88,Jordan,2017,0,0,0,2262.0,2.85,-3.55
89,Kenya,2017,0,0,0,2930.0,3.57,-2.48
90,Kyrgyzstan,2017,0,0,0,2480.0,3.0,-3.23
91,Cambodia,2017,0,0,0,2289.0,2.53,-1.13
92,Kiribati,2017,0,0,0,2829.0,3.61,-1.12
93,Comoros,2017,0,0,0,3237.0,4.28,-1.66
94,Saint Kitts Nevis,2014,0,0,0,1260.0,2.11,-12.21
95,North Korea,2017,0,0,0,1391.0,1.91,-0.31
96,South Korea,2017,357771.0,0,0,700.0,1.05,-10.24
97,Kuwait,2017,0,0,0,1465.0,2.08,0.05
98,Kazakhstan,2017,0,0,0,2164.0,2.75,-0.72
99,Laos,2017,0,0,0,2396.0,2.71,-1.53
100,Lebanon,2017,0,0,0,1767.0,2.1,-0.33
101,St. Lucia,2017,0,0,0,1214.0,1.45,-0.89
102,Liechtenstein,2017,338.0,176.0,162.0,890.0,1.44,-10.56
103,Sri Lanka,2017,0,0,0,1611.0,2.21,-0.23
104,Liberia,2017,0,0,0,3343.0,4.39,-1.66
105,Lesotho,2017,0,0,0,2717.0,3.17,-0.81
106,Lithuania,2017,28696.0,14775.0,13921.0,1010.0,1.63,-3.55
107,Luxembourg,2017,6174.0,3171.0,3003.0,1040.0,1.39,-1.42
108,Latvia,2017,20828.0,10797.0,10031.0,1070.0,1.69,-2.87
109,Libya,2017,0,0,0,1938.0,2.28,-1.73
110,Morocco,2017,0,0,0,1940.0,2.45,-1.53
111,Monaco,2016,295.0,0,0,462.0,432.0,7.8
112,Moldova,2017,36640.0,19304.0,18090.0,1330.0,1.26,0.0
113,Montenegro,2017,7432.0,3873.0,3559.0,1190.0,1.78,-0.56
114,Madagascar,2017,0,0,0,3290.0,4.13,-1.29
115,Marshall Islands,2011,0,0,0,2900.0,4.05,-10.0
116,North Macedonia,2017,21754.0,11160.0,10594.0,1050.0,1.43,-4.67
117,Mali,2017,0,0,0,4208.0,5.97,-1.47
118,Myanmar,2017,0,0,0,1770.0,2.17,-0.64
119,Mongolia,2017,0,0,0,2483.0,2.91,-0.31
120,Mauritania,2017,0,0,0,3413.0,4.62,-1.28
121,Malt,2017,4319.0,2215.0,2104.0,920.0,1.26,-8.03
122,Mauricio,2017,0,0,0,1070.0,1.44,2.86
123,Maldives,2017,0,0,0,1489.0,1.91,-2.11
124,Malawi,2017,0,0,0,3459.0,4.3,-2.38
125,Mexico,2017,2234039.0,1134349.0,1099674.0,1792.0,2.16,-1.33
126,Malaysia,2017,0,0,0,1687.0,2.02,-0.88
127,Mozambique,2017,0,0,0,3788.0,4.92,-1.4
128,Namibia,2017,0,0,0,2911.0,3.45,-1.4
129,Niger,2017,0,0,0,4654.0,7.0,-1.21
130,Nigeria,2017,0,0,0,3838.0,5.46,-1.25
131,Nicaragua,2017,0,0,0,2106.0,2.43,-1.02
132,Netherlands,2017,169836.0,87159.0,82677.0,990.0,1.62,-2.41
133,Norway,2017,56633.0,29173.0,27460.0,1070.0,1.62,-5.26
134,Nepal,2017,0,0,0,2020.0,1.97,-2.96
135,New Zealand,2017,0,0,0,1238.0,1.81,-3.21
136,Oman,2017,0,0,0,1979.0,2.92,-0.58
137,Panama,2017,0,0,0,1926.0,2.49,-1.07
138,Peru,2017,610316.0,0,0,1970.0,2.28,-0.96
139,Papua New Guinea,2017,0,0,0,2736.0,3.61,-1.29
140,Philippines,2017,0,0,0,2104.0,2.64,-2.87
141,Pakistan,2017,0,0,0,2860.0,3.56,-1.38
142,Poland,2017,401982.0,206410.0,195572.0,1060.0,1.48,6.47
143,State Of Palestine,2017,0,0,0,2991.0,3.74,-2.76
144,Palau,2017,0,0,0,1240.0,2.21,-0.9
145,Paraguayan,2017,0,0,0,2079.0,2.45,-1.05
146,Taste,2017,0,0,0,970.0,1.89,-1.1
147,Romania,2017,210590.0,108146.0,102444.0,1080.0,1.78,5.33
148,Serbian,2017,64894.0,33321.0,31573.0,920.0,1.49,2.05
149,Russia,2017,1940579.0,984552.0,928920.0,1150.0,1.62,-8.0
150,Rwanda,2017,0,0,0,3206.0,4.09,-0.85
151,Saudi Arabia,2017,0,0,0,1832.0,2.37,-2.55
152,Solomon Islands,2017,0,0,0,3288.0,4.43,-0.4
153,Seychelles,2017,0,0,0,1720.0,2.41,0.84
154,Sudan,2017,0,0,0,3254.0,4.47,-1.39
155,Sweden,2017,115416.0,59256.0,56160.0,1150.0,1.78,-3.78
156,Singapore,2017,0,0,0,890.0,1.16,-3.33
157,Slovenia,2017,20241.0,10483.0,9758.0,980.0,1.62,2.53
158,Slovakia,2017,57969.0,29773.0,28196.0,1070.0,1.52,2.7
159,Sierra Leone,2017,0,0,0,3394.0,4.36,-2.2
160,San Marino,2017,228.0,121.0,107.0,670.0,1.26,0.0
161,Senegal,2017,0,0,0,3512.0,4.7,-1.53
162,Somalia,2017,0,0,0,4192.0,6.17,-1.55
163,Surinam,2017,0,0,0,1879.0,2.44,-1.05
164,South Sudan,2017,0,0,0,3537.0,4.78,-1.65
165,Sao Tome Principe,2017,0,0,0,3197.0,4.37,-1.17
166,The Savior,2017,0,0,0,1843.0,2.06,-0.96
167,Syria,2017,0,0,0,2412.0,2.85,-1.45
168,Swatini,2017,0,0,0,2677.0,3.02,-0.76
169,Chad,2017,0,0,0,4268.0,5.85,-1.7
170,Togo,2017,0,0,0,3355.0,4.38,-1.46
171,Thailand,2017,0,0,0,1051.0,1.53,-0.33
172,Tajikistan,2017,0,0,0,3136.0,3.61,-0.33
173,East Timor,2017,0,0,0,2945.0,4.09,-1.52
174,Turkmenistan,2017,0,0,0,2462.0,2.84,-1.77
175,Tunisia,2017,0,0,0,1801.0,2.22,-0.85
176,Tonga,2017,0,0,0,2463.0,3.6,-1.13
177,Turkiye,2017,1291055.0,662928.0,628127.0,1610.0,2.07,-1.9
178,Trinidad Tobago,2017,0,0,0,1330.0,1.74,-0.8
179,Tanzania,2017,0,0,0,3708.0,4.95,-1.24
180,Ukraine,2017,363987.0,187528.0,176459.0,860.0,1.26,-6.67
181,Uganda,2017,0,0,0,3895.0,5.1,-2.8
182,Uruguay,2017,48200.0,0,0,1396.0,1.98,-0.4
183,Uzbekistan,2017,0,0,0,2210.0,2.42,-1.47
184,Saint Vincent The Grenadines,2017,0,0,0,1440.0,1.91,-1.04
185,Venezuela,2017,615132.0,316884.0,298248.0,1823.0,2.29,-0.99
186,Vietnam,2017,0,0,0,1698.0,2.04,0.59
187,Vanuatu,2017,0,0,0,3002.0,3.82,-1.01
188,Samoa,2017,0,0,0,2469.0,3.93,-1.26
189,Yemen,2017,0,0,0,3104.0,3.89,-2.6
190,South Africa,2017,0,0,0,2091.0,2.43,-1.1
191,Zambia,2017,0,0,0,3670.0,4.72,-1.99
192,Zimbabwe,2017,0,0,0,3173.0,3.71,-2.55
193,Spain,2018,372777.0,191569.0,181208.0,7.94,1.26,-3.67
194,Germany,2018,787523.0,404052.0,383471.0,9.5,1.57,0.0
195,United Kingdom,2018,730918.0,375379.0,355539.0,11.0,1.68,-3.45
196,France,2018,759199.0,388944.0,370255.0,11.3,1.87,-1.06
197,Italy,2018,439747.0,226217.0,213530.0,7.3,1.29,-2.27
198,Portugal,2018,87020.0,44309.0,42711.0,8.5,1.42,2.9
199,Usa,2018,0,0,0,11.6,1.73,-2.04
200,Japan,2018,0,0,0,7.4,1.42,-0.7
201,China,2018,0,0,0,10.86,1.69,0.42
202,Andorra,2018,543.0,293.0,250.0,7.2,1.27,6.72
203,United Arab Emirates,2018,0,0,0,10.33,1.41,-2.42
204,Afghanistan,2018,0,0,0,32.49,4.47,-3.45
205,Antigua Barbuda,2018,0,0,0,15.33,1.99,-0.25
206,Albanian,2018,28934.0,15025.0,13909.0,10.1,1.37,-7.43
207,Armenia,2018,36574.0,19252.0,17322.0,12.3,1.57,0.64
208,Angola,2018,0,0,0,40.73,5.52,-1.45
209,Argentina,2018,0,0,0,17.02,2.26,-0.62
210,Austria,2018,85535.0,43796.0,41739.0,9.7,1.47,-3.29
211,Australia,2018,0,0,0,12.6,1.74,-0.06
212,Azerbaijan,2018,138982.0,74224.0,64758.0,14.0,1.73,-1.14
213,Bosnia Herzegovina,2018,29467.0,16790.0,15757.0,8.4,1.27,-0.86
214,Barbados,2018,0,0,0,10.65,1.62,0.25
215,Bangladesh,2018,0,0,0,18.18,2.04,-1.26
216,Belgium,2018,118319.0,60398.0,57921.0,10.4,1.62,-1.82
217,Burkina Faso,2018,0,0,0,37.93,5.19,-1.56
218,Bulgaria,2018,62197.0,32144.0,30053.0,8.9,1.56,0.0
219,Bahrain,2018,0,0,0,13.99,1.99,-1.14
220,Burundi,2018,0,0,0,39.01,5.41,-1.67
221,Benin,2018,0,0,0,36.22,4.84,-1.43
222,Brunei,2018,0,0,0,14.9,1.85,-1.75
223,Bolivian,2018,0,0,0,21.75,2.73,-1.69
224,Brazil,2018,0,0,0,13.92,1.73,-0.52
225,Bahamas,2018,0,0,0,13.97,1.75,-0.57
226,Bhutan,2018,0,0,0,17.26,1.98,-0.95
227,Botswana,2018,0,0,0,24.82,2.87,-1.24
228,Belarus,2018,94042.0,48240.0,45802.0,9.9,1.45,-5.84
229,Belize,2018,0,0,0,20.79,2.31,-1.66
230,Canada,2018,388729.0,199381.0,189348.0,10.1,1.5,-2.6
231,Democratic Republic Of Congo,2018,0,0,0,41.18,5.92,-1.63
232,Central African Republic,2018,0,0,0,35.35,4.72,-1.56
233,Republic Of Congo,2018,0,0,0,32.86,4.43,-1.2
234,Swiss,2018,87851.0,45013.0,42838.0,10.3,1.52,0.0
235,Ivory Coast,2018,0,0,0,35.74,4.65,-1.17
236,Chili,2018,0,0,0,12.43,1.65,-1.73
237,Cameroon,2018,0,0,0,35.39,4.57,-1.44
238,Colombia,2018,649742.0,333299.0,316443.0,14.88,1.81,-0.99
239,Costa Rica,2018,0,0,0,13.97,1.75,-1.02
240,Cuba,2018,0,0,0,10.17,1.62,-1.16
241,Cape Verde,2018,0,0,0,19.49,2.27,-1.52
242,Cyprus,2018,9329.0,4771.0,4558.0,10.7,1.32,0.0
243,Czech Republic,2018,114036.0,58256.0,55780.0,10.7,1.71,1.18
244,Djibouti,2018,0,0,0,21.47,2.73,-2.05
245,Denmark,2018,61476.0,31611.0,29865.0,10.6,1.73,-1.14
246,Dominica,2017,0,0,0,9.6,1.9,0.0
247,Dominican Republic,2018,0,0,0,19.51,2.35,-0.89
248,Algeria,2018,0,0,0,24.28,3.02,-0.72
249,Ecuador,2018,0,0,0,19.72,2.43,-0.98
250,Estonia,2018,14367.0,7345.0,7022.0,10.9,1.67,5.03
251,Egypt,2018,0,0,0,26.38,3.33,-1.31
252,Eritrea,2018,0,0,0,30.3,4.06,-1.36
253,Ethiopia,2018,0,0,0,32.34,4.25,-2.37
254,Finland,2018,47577.0,24630.0,22947.0,8.6,1.41,-5.37
255,Fiji,2018,0,0,0,21.28,2.77,-0.5
256,Federated States Of Micronesia,2018,0,0,0,22.82,3.05,-1.45
257,Gabon,2018,0,0,0,31.61,3.97,-0.97
258,Grenade,2018,0,0,0,16.47,2.06,-0.96
259,Georgia,2018,51138.0,26538.0,24600.0,13.7,2.09,-2.34
260,Ghana,2018,0,0,0,29.41,3.87,-1.43
261,Gambia,2018,0,0,0,38.54,5.22,-1.17
262,Guinea,2018,0,0,0,36.36,4.7,-1.61
263,Equatorial Guinea,2018,0,0,0,33.24,4.51,-1.87
264,Greece,2018,86440.0,44525.0,41915.0,8.1,1.35,0.0
265,Guatemala,2018,0,0,0,24.56,2.87,-1.71
266,Guinea-Bissau,2018,0,0,0,35.13,4.48,-1.69
267,Guyana,2018,0,0,0,19.97,2.46,-0.93
268,Hong Kong,2018,0,0,0,7.2,1.07,-4.71
269,Honduras,2018,0,0,0,21.6,2.46,-1.44
270,Croatia,2018,36945.0,19078.0,17867.0,9.0,1.47,3.52
271,Haiti,2018,0,0,0,24.35,2.94,-1.71
272,Hungary,2018,93467.0,48008.0,45459.0,9.6,1.55,0.65
273,Indonesia,2018,0,0,0,18.07,2.31,-1.07
274,Ireland,2018,61022.0,31306.0,29716.0,12.5,1.75,-1.13
275,Israel,2018,0,0,0,20.8,3.09,-0.64
276,India,2018,0,0,0,17.86,2.22,-0.94
277,Iraq,2018,0,0,0,29.08,3.67,-2.39
278,Iran,2018,0,0,0,18.78,2.14,0.99
279,Iceland,2018,4228.0,2242.0,1986.0,12.0,1.71,0.0
280,Jamaica,2018,0,0,0,16.1,1.98,-0.7
281,Jordan,2018,0,0,0,21.98,2.76,-3.09
282,Kenya,2018,0,0,0,28.75,3.49,-2.24
283,Kyrgyzstan,2018,0,0,0,27.1,3.3,10.0
284,Cambodia,2018,0,0,0,22.46,2.5,-1.07
285,Kiribati,2018,0,0,0,27.89,3.57,-1.14
286,Comoros,2018,0,0,0,31.88,4.21,-1.64
287,Saint Kitts Nevis,2014,0,0,0,12.6,2.11,-12.21
288,North Korea,2018,0,0,0,13.89,1.9,-0.37
289,South Korea,2018,326822.0,0,0,6.4,0.98,-7.13
290,Kuwait,2018,0,0,0,13.94,2.08,-0.05
291,Kazakhstan,2018,0,0,0,21.77,2.84,3.27
292,Laos,2018,0,0,0,23.55,2.67,-1.55
293,Lebanon,2018,0,0,0,17.55,2.09,-0.48
294,St. Lucia,2018,0,0,0,12.0,1.44,-0.83
295,Liechtenstein,2018,378.0,192.0,186.0,9.9,1.58,9.72
296,Sri Lanka,2018,0,0,0,15.83,2.2,-0.32
297,Liberia,2018,0,0,0,33.04,4.32,-1.64
298,Lesotho,2018,0,0,0,26.81,3.14,-0.95
299,Lithuania,2018,28149.0,14362.0,13787.0,10.0,1.63,0.0
300,Luxembourg,2018,6274.0,3196.0,3078.0,10.3,1.38,-0.72
301,Latvia,2018,19314.0,9995.0,9319.0,10.0,1.6,-5.33
302,Libya,2018,0,0,0,18.83,2.24,-1.62
303,Morocco,2018,0,0,0,18.94,2.42,-1.47
304,Monaco,2018,227.0,0,0,462.0,432.0,5.9
305,Moldova,2018,34764.0,19304.0,18090.0,12.8,1.26,0.24
306,Montenegro,2018,7264.0,3771.0,3493.0,11.7,1.76,-1.12
307,Madagascar,2018,0,0,0,32.66,4.08,-1.28
308,Marshall Islands,2011,0,0,0,29.0,4.05,-10.0
309,North Macedonia,2018,21333.0,11173.0,10160.0,10.3,1.42,-0.7
310,Mali,2018,0,0,0,41.54,5.88,-1.52
311,Myanmar,2018,0,0,0,17.55,2.15,-0.65
312,Mongolia,2018,0,0,0,24.13,2.9,-0.65
313,Mauritania,2018,0,0,0,33.69,4.56,-1.26
314,Malt,2018,4444.0,2278.0,2166.0,9.2,1.23,-2.38
315,Mauricio,2018,0,0,0,10.2,1.41,-2.08
316,Maldives,2018,0,0,0,14.2,1.87,-1.89
317,Malawi,2018,0,0,0,34.12,4.21,-2.16
318,Mexico,2018,2162535.0,1098674.0,1063826.0,17.6,2.13,-1.3
319,Malaysia,2018,0,0,0,16.75,2.0,-0.89
320,Mozambique,2018,0,0,0,37.52,4.85,-1.42
321,Namibia,2018,0,0,0,28.64,3.4,-1.48
322,Niger,2018,0,0,0,46.08,6.91,-1.26
323,Nigeria,2018,0,0,0,37.91,5.39,-1.28
324,Nicaragua,2018,0,0,0,20.64,2.4,-1.07
325,Netherlands,2018,168525.0,86204.0,82321.0,9.8,1.59,-1.85
326,Norway,2018,55120.0,28430.0,26690.0,10.4,1.56,-3.7
327,Nepal,2018,0,0,0,19.89,1.92,-2.54
328,New Zealand,2018,0,0,0,11.84,1.71,-5.52
329,Oman,2018,0,0,0,19.19,2.89,-1.1
330,Panama,2018,0,0,0,18.98,2.46,-1.05
331,Peru,2018,601781.0,0,0,19.1,2.25,-0.92
332,Papua New Guinea,2018,0,0,0,27.07,3.56,-1.27
333,Philippines,2018,0,0,0,20.55,2.58,-2.42
334,Pakistan,2018,0,0,0,28.25,3.51,-1.46
335,Poland,2018,388178.0,199820.0,188358.0,10.2,1.46,-1.35
336,State Of Palestine,2018,0,0,0,29.28,3.64,-2.54
337,Palau,2018,0,0,0,14.0,2.21,-0.9
338,Paraguayan,2018,0,0,0,20.57,2.43,-0.98
339,Taste,2018,0,0,0,9.54,1.87,-1.06
340,Romania,2018,210290.0,104005.0,98739.0,10.8,1.76,-1.12
341,Serbian,2018,63975.0,33208.0,30767.0,9.2,1.49,0.0
342,Russia,2018,1940579.0,984552.0,928920.0,10.9,1.58,-2.59
343,Rwanda,2018,0,0,0,31.7,4.04,-1.08
344,Saudi Arabia,2018,0,0,0,17.8,2.32,-2.28
345,Solomon Islands,2018,0,0,0,32.44,4.4,-0.7
346,Seychelles,2018,0,0,0,17.1,2.41,0.0
347,Sudan,2018,0,0,0,32.18,4.41,-1.39
348,Sweden,2018,115832.0,59534.0,56298.0,11.4,1.76,-1.12
349,Singapore,2018,0,0,0,8.8,1.14,-1.72
350,Slovenia,2018,19585.0,10157.0,9428.0,9.4,1.6,-1.23
351,Slovakia,2018,57639.0,29674.0,27965.0,10.6,1.54,1.32
352,Sierra Leone,2018,0,0,0,33.41,4.26,-2.2
353,San Marino,2018,235.0,121.0,107.0,6.8,1.26,0.0
354,Senegal,2018,0,0,0,34.52,4.63,-1.53
355,Somalia,2018,0,0,0,41.75,6.07,-1.56
356,Surinam,2018,0,0,0,18.54,2.42,-1.02
357,South Sudan,2018,0,0,0,35.01,4.7,-1.65
358,Sao Tome Principe,2018,0,0,0,31.54,4.32,-1.21
359,The Savior,2018,0,0,0,18.25,2.04,-0.97
360,Syria,2018,0,0,0,23.69,2.81,-1.37
361,Swatini,2018,0,0,0,26.34,2.99,-0.93
362,Chad,2018,0,0,0,42.17,5.75,-1.69
363,Togo,2018,0,0,0,33.11,4.32,-1.46
364,Thailand,2018,0,0,0,10.34,1.53,-0.46
365,Tajikistan,2018,0,0,0,30.76,3.59,-0.58
366,East Timor,2018,0,0,0,29.42,4.02,-1.71
367,Turkmenistan,2018,0,0,0,23.83,2.79,-1.76
368,Tunisia,2018,0,0,0,17.56,2.2,-0.99
369,Tonga,2018,0,0,0,24.3,3.56,-1.08
370,Turkiye,2018,1248847.0,641056.0,607791.0,15.3,1.99,-3.86
371,Trinidad Tobago,2018,0,0,0,12.94,1.73,-0.81
372,Tanzania,2018,0,0,0,36.7,4.89,-1.23
373,Ukraine,2018,335874.0,173417.0,162457.0,8.0,1.2,-4.76
374,Uganda,2018,0,0,0,38.14,4.96,-2.75
375,Uruguay,2018,48200.0,0,0,13.86,1.97,-0.5
376,Uzbekistan,2018,0,0,0,23.3,2.6,7.65
377,Saint Vincent The Grenadines,2018,0,0,0,14.24,1.89,-1.05
378,Venezuela,2018,615132.0,316884.0,298248.0,17.88,2.27,-0.96
379,Vietnam,2018,0,0,0,16.75,2.05,0.34
380,Vanuatu,2018,0,0,0,29.6,3.78,-0.99
381,Samoa,2018,0,0,0,24.38,3.88,-1.25
382,Yemen,2018,0,0,0,30.45,3.79,-2.52
383,South Africa,2018,0,0,0,20.51,2.41,-1.03
384,Zambia,2018,0,0,0,36.19,4.63,-1.8
385,Zimbabwe,2018,0,0,0,30.68,3.62,-2.48
386,Spain,2019,360617.0,185523.0,175094.0,7.62,1.24,-2.24
387,Germany,2019,778090.0,399292.0,378798.0,9.4,1.54,-1.91
388,United Kingdom,2019,712699.0,375379.0,355539.0,10.7,1.63,-2.98
389,France,2019,754008.0,385340.0,368668.0,11.2,1.86,-0.53
390,Italy,2019,420084.0,215387.0,204697.0,7.0,1.27,-1.55
391,Portugal,2019,86579.0,44539.0,42040.0,8.4,1.43,0.7
392,Usa,2019,0,0,0,11.4,1.71,-1.36
393,Japan,2019,0,0,0,7.0,1.36,-4.23
394,China,2019,0,0,0,10.41,1.7,0.36
395,Andorra,2019,539.0,293.0,250.0,7.0,1.27,6.72
396,United Arab Emirates,2019,0,0,0,10.22,1.39,-1.84
397,Afghanistan,2019,0,0,0,31.8,4.32,-3.4
398,Antigua Barbuda,2019,0,0,0,15.11,1.99,-0.35
399,Albanian,2019,28561.0,14893.0,13668.0,10.0,1.6,16.57
400,Armenia,2019,36041.0,19252.0,17322.0,12.2,1.6,1.91
401,Angola,2019,0,0,0,40.23,5.44,-1.4
402,Argentina,2019,0,0,0,16.83,2.25,-0.62
403,Austria,2019,84952.0,43580.0,41372.0,9.6,1.46,-0.68
404,Australia,2019,0,0,0,12.1,1.66,-4.77
405,Azerbaijan,2019,141179.0,75160.0,66019.0,14.1,1.81,4.62
406,Bosnia Herzegovina,2019,29467.0,16790.0,15757.0,7.94,1.25,-0.87
407,Barbados,2019,0,0,0,10.62,1.62,0.25
408,Bangladesh,2019,0,0,0,17.87,2.01,-1.23
409,Belgium,2019,117695.0,59912.0,57783.0,10.2,1.6,-1.23
410,Burkina Faso,2019,0,0,0,37.45,5.11,-1.54
411,Bulgaria,2019,61538.0,31515.0,30023.0,8.8,1.58,1.28
412,Bahrain,2019,0,0,0,13.62,1.96,-1.16
413,Burundi,2019,0,0,0,38.38,5.32,-1.65
414,Benin,2019,0,0,0,35.83,4.77,-1.43
415,Brunei,2019,0,0,0,14.46,1.82,-1.57
416,Bolivian,2019,0,0,0,21.46,2.69,-1.54
417,Brazil,2019,0,0,0,13.7,1.72,-0.64
418,Bahamas,2019,0,0,0,13.88,1.74,-0.51
419,Bhutan,2019,0,0,0,17.01,1.95,-1.06
420,Botswana,2019,0,0,0,24.23,2.84,-1.32
421,Belarus,2019,87602.0,48240.0,45802.0,9.3,1.38,-4.69
422,Belize,2019,0,0,0,20.51,2.27,-1.43
423,Canada,2019,388729.0,199381.0,189348.0,9.9,1.47,-2.0
424,Democratic Republic Of Congo,2019,0,0,0,40.64,5.82,-1.69
425,Central African Republic,2019,0,0,0,35.09,4.65,-1.61
426,Republic Of Congo,2019,0,0,0,32.4,4.37,-1.22
427,Swiss,2019,86172.0,44123.0,42049.0,10.0,1.48,-2.63
428,Ivory Coast,2019,0,0,0,35.46,4.59,-1.2
429,Chili,2019,0,0,0,12.19,1.63,-1.33
430,Cameroon,2019,0,0,0,34.89,4.51,-1.44
431,Colombia,2019,649742.0,333299.0,316443.0,14.66,1.79,-1.0
432,Costa Rica,2019,0,0,0,13.69,1.74,-0.97
433,Cuba,2019,0,0,0,9.96,1.6,-0.99
434,Cape Verde,2019,0,0,0,19.06,2.24,-1.41
435,Cyprus,2019,9548.0,4850.0,4698.0,10.8,1.33,0.76
436,Czech Republic,2019,112231.0,57585.0,54646.0,10.5,1.71,0.0
437,Djibouti,2019,0,0,0,21.0,2.68,-1.91
438,Denmark,2019,61167.0,31519.0,29648.0,10.5,1.7,-1.73
439,Dominica,2017,0,0,0,9.6,1.9,0.0
440,Dominican Republic,2019,0,0,0,19.19,2.32,-0.98
441,Algeria,2019,0,0,0,23.58,2.99,-1.16
442,Ecuador,2019,0,0,0,19.46,2.4,-0.99
443,Estonia,2019,14099.0,7212.0,6887.0,10.6,1.66,-0.6
444,Egypt,2019,0,0,0,25.71,3.28,-1.38
445,Eritrea,2019,0,0,0,29.74,4.0,-1.45
446,Ethiopia,2019,0,0,0,31.9,4.15,-2.38
447,Finland,2019,45613.0,23186.0,22427.0,8.3,1.35,-4.26
448,Fiji,2019,0,0,0,20.95,2.75,-0.72
449,Federated States Of Micronesia,2019,0,0,0,22.71,3.01,-1.41
450,Gabon,2019,0,0,0,30.97,3.92,-1.18
451,Grenade,2019,0,0,0,16.2,2.04,-1.02
452,Georgia,2019,48296.0,25029.0,23267.0,13.0,2.02,-3.35
453,Ghana,2019,0,0,0,28.99,3.82,-1.4
454,Gambia,2019,0,0,0,38.07,5.15,-1.25
455,Guinea,2019,0,0,0,35.97,4.63,-1.6
456,Equatorial Guinea,2019,0,0,0,32.78,4.43,-1.86
457,Greece,2019,83763.0,42945.0,40818.0,7.8,1.34,-0.74
458,Guatemala,2019,0,0,0,24.21,2.82,-1.67
459,Guinea-Bissau,2019,0,0,0,34.56,4.4,-1.65
460,Guyana,2019,0,0,0,19.72,2.44,-0.89
461,Hong Kong,2019,0,0,0,7.0,1.05,-1.96
462,Honduras,2019,0,0,0,21.34,2.43,-1.34
463,Croatia,2019,36135.0,18478.0,17657.0,8.9,1.47,0.0
464,Haiti,2019,0,0,0,23.96,2.89,-1.64
465,Hungary,2019,93100.0,47984.0,45116.0,9.5,1.55,0.0
466,Indonesia,2019,0,0,0,17.75,2.29,-1.0
467,Ireland,2019,59289.0,30270.0,29019.0,12.0,1.71,-2.29
468,Israel,2019,0,0,0,20.1,3.01,-2.59
469,India,2019,0,0,0,17.64,2.2,-0.9
470,Iraq,2019,0,0,0,28.56,3.6,-2.04
471,Iran,2019,0,0,0,18.42,2.15,0.42
472,Iceland,2019,4452.0,2267.0,2185.0,12.3,1.74,1.75
473,Jamaica,2019,0,0,0,15.91,1.97,-0.71
474,Jordan,2019,0,0,0,21.48,2.69,-2.54
475,Kenya,2019,0,0,0,28.3,3.42,-1.98
476,Kyrgyzstan,2019,0,0,0,26.9,3.3,0.0
477,Cambodia,2019,0,0,0,22.02,2.48,-1.0
478,Kiribati,2019,0,0,0,27.45,3.53,-1.09
479,Comoros,2019,0,0,0,31.41,4.14,-1.59
480,Saint Kitts Nevis,2019,0,0,0,11.2,2.11,-12.21
481,North Korea,2019,0,0,0,13.85,1.9,-0.42
482,South Korea,2019,302676.0,0,0,5.9,0.92,-6.04
483,Kuwait,2019,0,0,0,13.25,2.08,-0.24
484,Kazakhstan,2019,0,0,0,21.73,2.9,2.11
485,Laos,2019,0,0,0,23.12,2.63,-1.54
486,Lebanon,2019,0,0,0,17.38,2.08,-0.57
487,St. Lucia,2019,0,0,0,11.84,1.42,-0.84
488,Liechtenstein,2019,356.0,182.0,174.0,9.2,1.48,-6.33
489,Sri Lanka,2019,0,0,0,15.54,2.19,-0.5
490,Liberia,2019,0,0,0,32.69,4.25,-1.58
491,Lesotho,2019,0,0,0,26.42,3.11,-1.05
492,Lithuania,2019,27393.0,14086.0,13307.0,9.8,1.61,-1.23
493,Luxembourg,2019,6230.0,3107.0,3123.0,10.0,1.34,-2.9
494,Latvia,2019,18786.0,9629.0,9157.0,9.8,1.61,0.63
495,Libya,2019,0,0,0,18.3,2.21,-1.52
496,Morocco,2019,0,0,0,18.5,2.38,-1.37
497,Monaco,2018,227.0,0,0,462.0,432.0,5.9
498,Moldova,2019,32022.0,19304.0,18090.0,12.0,1.27,0.55
499,Montenegro,2019,7223.0,3777.0,3446.0,11.6,1.77,0.57
500,Madagascar,2019,0,0,0,32.41,4.03,-1.25
501,Marshall Islands,2011,0,0,0,29.0,4.05,-10.0
502,North Macedonia,2019,19845.0,10276.0,9569.0,9.6,1.34,-5.63
503,Mali,2019,0,0,0,41.04,5.79,-1.57
504,Myanmar,2019,0,0,0,17.4,2.14,-0.74
505,Mongolia,2019,0,0,0,23.36,2.87,-0.97
506,Mauritania,2019,0,0,0,33.26,4.5,-1.27
507,Malt,2019,4350.0,2260.0,2090.0,8.6,1.14,-7.32
508,Mauricio,2019,0,0,0,10.2,1.4,-0.71
509,Maldives,2019,0,0,0,13.58,1.84,-1.6
510,Malawi,2019,0,0,0,33.73,4.13,-1.95
511,Mexico,2019,2092214.0,1061978.0,1030194.0,17.3,2.1,-1.22
512,Malaysia,2019,0,0,0,16.61,1.98,-0.9
513,Mozambique,2019,0,0,0,37.17,4.78,-1.42
514,Namibia,2019,0,0,0,28.15,3.34,-1.53
515,Niger,2019,0,0,0,45.64,6.82,-1.29
516,Nigeria,2019,0,0,0,37.45,5.32,-1.3
517,Nicaragua,2019,0,0,0,20.22,2.38,-1.12
518,Netherlands,2019,169680.0,86893.0,82787.0,9.8,1.57,-1.26
519,Norway,2019,54495.0,28042.0,26453.0,10.2,1.53,-1.92
520,Nepal,2019,0,0,0,19.58,1.88,-2.14
521,New Zealand,2019,0,0,0,11.96,1.72,0.58
522,Oman,2019,0,0,0,18.51,2.84,-1.59
523,Panama,2019,0,0,0,18.71,2.44,-0.98
524,Peru,2019,581022.0,0,0,18.1,2.23,-0.93
525,Papua New Guinea,2019,0,0,0,26.79,3.52,-1.23
526,Philippines,2019,0,0,0,20.17,2.53,-1.94
527,Pakistan,2019,0,0,0,27.84,3.45,-1.6
528,Poland,2019,374954.0,192685.0,182269.0,9.9,1.44,-1.37
529,State Of Palestine,2019,0,0,0,28.72,3.56,-2.28
530,Palau,2019,0,0,0,11.2,2.21,-0.9
531,Paraguayan,2019,0,0,0,20.34,2.41,-0.99
532,Taste,2019,0,0,0,9.39,1.85,-1.07
533,Romania,2019,199720.0,102401.0,97319.0,10.3,1.77,0.57
534,Serbian,2019,64399.0,33137.0,31262.0,9.3,1.52,2.01
535,Russia,2019,1940579.0,984552.0,928920.0,10.1,1.5,-4.75
536,Rwanda,2019,0,0,0,31.25,3.99,-1.34
537,Saudi Arabia,2019,0,0,0,17.3,2.28,-1.9
538,Solomon Islands,2019,0,0,0,31.96,4.36,-0.95
539,Seychelles,2019,0,0,0,16.4,2.36,-2.07
540,Sudan,2019,0,0,0,31.83,4.35,-1.36
541,Sweden,2019,114523.0,59002.0,55521.0,11.1,1.71,-2.84
542,Singapore,2019,0,0,0,8.8,1.14,0.0
543,Slovenia,2019,19328.0,9977.0,9351.0,9.3,1.61,0.63
544,Slovakia,2019,57054.0,29143.0,27911.0,10.5,1.57,1.95
545,Sierra Leone,2019,0,0,0,32.88,4.17,-2.21
546,San Marino,2019,232.0,121.0,107.0,6.7,1.26,0.0
547,Senegal,2019,0,0,0,33.95,4.56,-1.49
548,Somalia,2019,0,0,0,41.59,5.98,-1.55
549,Surinam,2019,0,0,0,18.3,2.39,-0.99
550,South Sudan,2019,0,0,0,34.65,4.62,-1.64
551,Sao Tome Principe,2019,0,0,0,31.15,4.27,-1.25
552,The Savior,2019,0,0,0,18.05,2.02,-0.88
553,Syria,2019,0,0,0,23.22,2.77,-1.32
554,Swatini,2019,0,0,0,25.88,2.96,-1.07
555,Chad,2019,0,0,0,41.67,5.65,-1.71
556,Togo,2019,0,0,0,32.71,4.26,-1.41
557,Thailand,2019,0,0,0,10.17,1.51,-0.72
558,Tajikistan,2019,0,0,0,30.04,3.56,-0.81
559,East Timor,2019,0,0,0,29.28,3.94,-1.99
560,Turkmenistan,2019,0,0,0,23.07,2.74,-1.65
561,Tunisia,2019,0,0,0,17.09,2.17,-1.05
562,Tonga,2019,0,0,0,24.01,3.52,-1.07
563,Turkiye,2019,1183652.0,606861.0,576791.0,14.3,1.88,-5.53
564,Trinidad Tobago,2019,0,0,0,12.58,1.71,-0.81
565,Tanzania,2019,0,0,0,36.34,4.83,-1.23
566,Ukraine,2019,308817.0,159792.0,149025.0,7.4,1.14,-5.0
567,Uganda,2019,0,0,0,37.38,4.82,-2.64
568,Uruguay,2019,48200.0,0,0,13.74,1.96,-0.51
569,Uzbekistan,2019,0,0,0,24.3,2.79,6.95
570,Saint Vincent The Grenadines,2019,0,0,0,14.09,1.87,-1.0
571,Venezuela,2019,615132.0,316884.0,298248.0,17.57,2.25,-0.97
572,Vietnam,2019,0,0,0,16.45,2.05,0.05
573,Vanuatu,2019,0,0,0,29.18,3.74,-1.0
574,Samoa,2019,0,0,0,24.1,3.83,-1.21
575,Yemen,2019,0,0,0,29.87,3.7,-2.43
576,South Africa,2019,0,0,0,20.13,2.38,-1.0
577,Zambia,2019,0,0,0,35.78,4.56,-1.6
578,Zimbabwe,2019,0,0,0,29.75,3.53,-2.32
579,Spain,2020,341315.0,174842.0,166473.0,7.19,1.19,-4.03
580,Germany,2020,773144.0,397385.0,375759.0,9.3,1.53,-0.65
581,United Kingdom,2020,712699.0,375379.0,355539.0,10.2,1.56,-4.29
582,France,2020,735775.0,376187.0,359588.0,10.9,1.83,-1.61
583,Italy,2020,404892.0,208431.0,196461.0,6.8,1.24,-2.36
584,Portugal,2020,84530.0,43451.0,41079.0,8.2,1.41,-1.4
585,Usa,2020,0,0,0,10.9,1.64,-4.02
586,Japan,2020,0,0,0,6.8,1.34,-1.47
587,China,2020,0,0,0,8.52,1.7,0.24
588,Andorra,2019,539.0,293.0,250.0,7.0,1.27,6.72
589,United Arab Emirates,2020,0,0,0,10.13,1.37,-1.3
590,Afghanistan,2020,0,0,0,31.15,4.18,-3.36
591,Antigua Barbuda,2020,0,0,0,14.88,1.98,-0.45
592,Albanian,2020,28075.0,14486.0,13589.0,9.9,1.34,-16.09
593,Armenia,2020,36353.0,19054.0,17299.0,12.3,1.76,10.0
594,Angola,2020,0,0,0,39.79,5.37,-1.3
595,Argentina,2020,0,0,0,16.64,2.23,-0.62
596,Austria,2020,83603.0,42934.0,40669.0,9.4,1.44,-1.37
597,Australia,2020,0,0,0,11.5,1.58,-4.59
598,Azerbaijan,2020,126571.0,67407.0,59164.0,12.5,1.7,-6.08
599,Bosnia Herzegovina,2020,29467.0,16790.0,15757.0,7.78,1.24,-0.88
600,Barbados,2020,0,0,0,10.6,1.63,0.31
601,Bangladesh,2020,0,0,0,17.55,1.99,-1.19
602,Belgium,2020,114350.0,58507.0,55843.0,9.9,1.55,-3.13
603,Burkina Faso,2020,0,0,0,36.99,5.03,-1.57
604,Bulgaria,2020,59086.0,30372.0,28714.0,8.5,1.56,-1.27
605,Bahrain,2020,0,0,0,13.27,1.94,-1.12
606,Burundi,2020,0,0,0,37.77,5.24,-1.58
607,Benin,2020,0,0,0,35.45,4.7,-1.41
608,Brunei,2020,0,0,0,14.08,1.8,-1.26
609,Bolivian,2020,0,0,0,21.19,2.65,-1.38
610,Brazil,2020,0,0,0,13.46,1.71,-0.76
611,Bahamas,2020,0,0,0,13.79,1.73,-0.57
612,Bhutan,2020,0,0,0,16.71,1.93,-1.18
613,Botswana,2020,0,0,0,23.65,2.8,-1.41
614,Belarus,2020,87602.0,48240.0,45802.0,9.3,1.38,0.0
615,Belize,2020,0,0,0,20.25,2.25,-1.23
616,Canada,2020,388729.0,199381.0,189348.0,9.4,1.4,-4.76
617,Democratic Republic Of Congo,2020,0,0,0,40.11,5.72,-1.74
618,Central African Republic,2020,0,0,0,34.88,4.57,-1.66
619,Republic Of Congo,2020,0,0,0,31.99,4.32,-1.21
620,Swiss,2020,85914.0,44299.0,41615.0,9.9,1.46,-1.35
621,Ivory Coast,2020,0,0,0,35.17,4.54,-1.24
622,Chili,2020,0,0,0,11.99,1.61,-0.98
623,Cameroon,2020,0,0,0,34.42,4.44,-1.4
624,Colombia,2020,649742.0,333299.0,316443.0,14.42,1.77,-1.01
625,Costa Rica,2020,0,0,0,13.4,1.72,-0.92
626,Cuba,2020,0,0,0,9.78,1.59,-0.75
627,Cape Verde,2020,0,0,0,18.64,2.21,-1.29
628,Cyprus,2020,9930.0,5190.0,4740.0,11.1,1.36,2.26
629,Czech Republic,2020,110200.0,56276.0,53924.0,10.3,1.71,0.0
630,Djibouti,2020,0,0,0,20.54,2.63,-1.83
631,Denmark,2020,60937.0,31175.0,29762.0,10.4,1.68,-1.18
632,Dominica,2017,0,0,0,9.6,1.9,0.0
633,Dominican Republic,2020,0,0,0,18.86,2.3,-1.03
634,Algeria,2020,0,0,0,22.78,2.94,-1.54
635,Ecuador,2020,0,0,0,19.19,2.38,-0.96
636,Estonia,2020,13209.0,6736.0,6473.0,9.9,1.58,-4.82
637,Egypt,2020,0,0,0,25.07,3.24,-1.34
638,Eritrea,2020,0,0,0,29.22,3.93,-1.6
639,Ethiopia,2020,0,0,0,31.44,4.05,-2.34
640,Finland,2020,46463.0,23778.0,22685.0,8.4,1.37,1.48
641,Fiji,2020,0,0,0,20.6,2.73,-0.91
642,Federated States Of Micronesia,2020,0,0,0,22.61,2.97,-1.4
643,Gabon,2020,0,0,0,30.26,3.87,-1.35
644,Grenade,2020,0,0,0,15.9,2.02,-0.93
645,Georgia,2020,46520.0,24289.0,22231.0,12.5,1.98,-1.98
646,Ghana,2020,0,0,0,28.6,3.77,-1.34
647,Gambia,2020,0,0,0,37.59,5.09,-1.3
648,Guinea,2020,0,0,0,35.57,4.55,-1.58
649,Equatorial Guinea,2020,0,0,0,32.35,4.35,-1.87
650,Greece,2020,84764.0,43531.0,41233.0,7.9,1.39,3.73
651,Guatemala,2020,0,0,0,23.85,2.78,-1.59
652,Guinea-Bissau,2020,0,0,0,34.01,4.33,-1.61
653,Guyana,2020,0,0,0,19.47,2.42,-0.9
654,Hong Kong,2020,0,0,0,5.8,0.87,-17.41
655,Honduras,2020,0,0,0,21.06,2.39,-1.36
656,Croatia,2020,35845.0,18389.0,17456.0,8.9,1.48,0.68
657,Haiti,2020,0,0,0,23.58,2.84,-1.56
658,Hungary,2020,93807.0,48273.0,45534.0,9.6,1.59,2.58
659,Indonesia,2020,0,0,0,17.45,2.27,-0.96
660,Ireland,2020,55959.0,28902.0,27057.0,11.2,1.63,-4.68
661,Israel,2020,0,0,0,19.2,2.9,-3.65
662,India,2020,0,0,0,17.44,2.18,-0.82
663,Iraq,2020,0,0,0,28.14,3.54,-1.67
664,Iran,2020,0,0,0,17.94,2.14,-0.19
665,Iceland,2020,4512.0,2385.0,2127.0,12.3,1.72,-1.15
666,Jamaica,2020,0,0,0,15.7,1.95,-0.76
667,Jordan,2020,0,0,0,21.11,2.64,-1.93
668,Kenya,2020,0,0,0,27.94,3.37,-1.69
669,Kyrgyzstan,2020,0,0,0,24.0,3.0,-9.09
670,Cambodia,2020,0,0,0,21.56,2.45,-1.01
671,Kiribati,2020,0,0,0,27.0,3.49,-1.05
672,Comoros,2020,0,0,0,30.95,4.07,-1.57
673,Saint Kitts Nevis,2019,0,0,0,11.2,2.11,-12.21
674,North Korea,2020,0,0,0,13.78,1.89,-0.47
675,South Korea,2020,272337.0,0,0,5.3,0.84,-8.82
676,Kuwait,2020,0,0,0,12.62,2.07,-0.43
677,Kazakhstan,2020,0,0,0,22.76,3.13,7.93
678,Laos,2020,0,0,0,22.66,2.58,-1.64
679,Lebanon,2020,0,0,0,17.17,2.06,-0.72
680,St. Lucia,2020,0,0,0,11.66,1.41,-0.91
681,Liechtenstein,2020,353.0,165.0,188.0,9.1,1.46,-1.35
682,Sri Lanka,2020,0,0,0,15.25,2.17,-0.64
683,Liberia,2020,0,0,0,32.36,4.18,-1.51
684,Lesotho,2020,0,0,0,26.0,3.07,-1.22
685,Lithuania,2020,25144.0,13029.0,12115.0,9.0,1.48,-8.07
686,Luxembourg,2020,6459.0,3296.0,3163.0,10.2,1.36,1.49
687,Latvia,2020,17552.0,9036.0,8516.0,9.2,1.55,-3.73
688,Libya,2020,0,0,0,17.81,2.18,-1.41
689,Morocco,2020,0,0,0,18.1,2.35,-1.22
690,Monaco,2018,227.0,0,0,462.0,432.0,5.9
691,Moldova,2020,30730.0,16111.0,14619.0,11.7,1.28,0.71
692,Montenegro,2020,7097.0,3674.0,3423.0,11.4,1.75,-1.13
693,Madagascar,2020,0,0,0,32.15,3.98,-1.24
694,Marshall Islands,2011,0,0,0,29.0,4.05,-10.0
695,North Macedonia,2020,19031.0,9796.0,9235.0,9.2,1.31,-2.24
696,Mali,2020,0,0,0,40.56,5.69,-1.59
697,Myanmar,2020,0,0,0,17.23,2.12,-0.8
698,Mongolia,2020,0,0,0,22.56,2.83,-1.15
699,Mauritania,2020,0,0,0,32.84,4.45,-1.2
700,Malt,2020,4414.0,2283.0,2131.0,8.6,1.13,-0.88
701,Mauricio,2020,0,0,0,10.6,1.44,2.86
702,Maldives,2020,0,0,0,13.06,1.82,-1.36
703,Malawi,2020,0,0,0,33.42,4.06,-1.74
704,Mexico,2020,1629211.0,828944.0,800264.0,17.01,2.08,-1.14
705,Malaysia,2020,0,0,0,16.44,1.97,-0.91
706,Mozambique,2020,0,0,0,36.81,4.71,-1.46
707,Namibia,2020,0,0,0,27.66,3.29,-1.53
708,Niger,2020,0,0,0,45.21,6.74,-1.3
709,Nigeria,2020,0,0,0,37.01,5.25,-1.3
710,Nicaragua,2020,0,0,0,19.79,2.35,-1.18
711,Netherlands,2020,168681.0,86497.0,82184.0,9.7,1.54,-1.91
712,Norway,2020,52979.0,27063.0,25916.0,9.8,1.48,-3.27
713,Nepal,2020,0,0,0,19.26,1.85,-1.65
714,New Zealand,2020,0,0,0,11.32,1.61,-6.4
715,Oman,2020,0,0,0,17.78,2.78,-2.08
716,Panama,2020,0,0,0,18.45,2.42,-0.9
717,Peru,2020,421096.0,0,0,12.9,2.21,-0.94
718,Papua New Guinea,2020,0,0,0,26.52,3.48,-1.22
719,Philippines,2020,0,0,0,19.89,2.49,-1.43
720,Pakistan,2020,0,0,0,27.38,3.39,-1.74
721,Poland,2020,355309.0,182300.0,173009.0,9.4,1.39,-3.47
722,State Of Palestine,2020,0,0,0,28.21,3.49,-1.99
723,Palau,2020,0,0,0,11.0,2.21,-0.9
724,Paraguayan,2020,0,0,0,20.09,2.38,-0.91
725,Taste,2020,0,0,0,9.23,1.83,-1.03
726,Romania,2020,198302.0,102340.0,95962.0,10.3,1.8,1.69
727,Serbian,2020,61692.0,31783.0,29909.0,8.9,1.48,-2.63
728,Russia,2020,1940579.0,984552.0,928920.0,9.8,1.51,0.07
729,Rwanda,2020,0,0,0,30.73,3.93,-1.6
730,Saudi Arabia,2020,0,0,0,16.81,2.24,-1.63
731,Solomon Islands,2020,0,0,0,31.45,4.31,-1.19
732,Seychelles,2020,0,0,0,15.8,2.29,-2.97
733,Sudan,2020,0,0,0,31.49,4.29,-1.33
734,Sweden,2020,113077.0,58255.0,54822.0,10.9,1.67,-2.34
735,Singapore,2020,0,0,0,8.5,1.1,-3.51
736,Slovenia,2020,18767.0,9693.0,9074.0,8.9,1.59,-1.24
737,Slovakia,2020,56650.0,28928.0,27722.0,10.4,1.59,1.27
738,Sierra Leone,2020,0,0,0,32.35,4.08,-2.21
739,San Marino,2020,232.0,121.0,107.0,6.4,1.26,0.0
740,Senegal,2020,0,0,0,33.42,4.49,-1.43
741,Somalia,2020,0,0,0,41.41,5.89,-1.56
742,Surinam,2020,0,0,0,18.05,2.37,-0.96
743,South Sudan,2020,0,0,0,34.3,4.54,-1.65
744,Sao Tome Principe,2020,0,0,0,30.81,4.21,-1.24
745,The Savior,2020,0,0,0,17.83,2.0,-0.94
746,Syria,2020,0,0,0,22.71,2.73,-1.34
747,Swatini,2020,0,0,0,25.4,2.92,-1.32
748,Chad,2020,0,0,0,41.16,5.55,-1.7
749,Togo,2020,0,0,0,32.33,4.2,-1.41
750,Thailand,2020,0,0,0,9.99,1.5,-0.86
751,Tajikistan,2020,0,0,0,29.23,3.52,-1.01
752,East Timor,2020,0,0,0,29.02,3.85,-2.28
753,Turkmenistan,2020,0,0,0,22.35,2.7,-1.42
754,Tunisia,2020,0,0,0,16.6,2.15,-1.06
755,Tonga,2020,0,0,0,23.75,3.48,-1.05
756,Turkiye,2020,1112859.0,570892.0,541967.0,13.3,2.04,8.46
757,Trinidad Tobago,2020,0,0,0,12.24,1.7,-0.7
758,Tanzania,2020,0,0,0,35.98,4.77,-1.22
759,Ukraine,2020,293457.0,151568.0,141889.0,7.1,1.22,6.75
760,Uganda,2020,0,0,0,36.67,4.7,-2.51
761,Uruguay,2020,48200.0,0,0,13.62,1.95,-0.56
762,Uzbekistan,2020,0,0,0,24.6,2.9,4.13
763,Saint Vincent The Grenadines,2020,0,0,0,13.94,1.85,-0.96
764,Venezuela,2020,615132.0,316884.0,298248.0,17.3,2.23,-0.89
765,Vietnam,2020,0,0,0,16.12,2.05,-0.2
766,Vanuatu,2020,0,0,0,28.76,3.71,-0.99
767,Samoa,2020,0,0,0,23.86,3.79,-1.17
768,Yemen,2020,0,0,0,29.3,3.61,-2.32
769,South Africa,2020,0,0,0,19.77,2.36,-0.97
770,Zambia,2020,0,0,0,35.44,4.5,-1.38
771,Zimbabwe,2020,0,0,0,28.98,3.46,-2.01
772,Spain,2021,337380.0,174148.0,163232.0,7.12,1.19,0.47
773,Germany,2021,795492.0,397385.0,375759.0,9.6,1.53,-0.65
774,United Kingdom,2020,712699.0,375379.0,355539.0,10.2,1.56,-4.29
775,France,2021,738594.0,376187.0,359588.0,10.9,1.83,-1.61
776,Italy,2021,399431.0,208431.0,196461.0,6.8,1.24,-2.36
777,Portugal,2021,79582.0,43451.0,41079.0,7.7,1.41,-1.4
778,Usa,2020,0,0,0,10.9,1.64,-4.02
779,Japan,2020,0,0,0,6.8,1.34,-1.47
780,China,2020,0,0,0,8.52,1.7,0.24
781,Andorra,2019,539.0,293.0,250.0,7.0,1.27,6.72
782,United Arab Emirates,2020,0,0,0,10.13,1.37,-1.3
783,Afghanistan,2020,0,0,0,31.15,4.18,-3.36
784,Antigua Barbuda,2020,0,0,0,14.88,1.98,-0.45
785,Albanian,2021,27211.0,14486.0,13589.0,9.7,1.34,-16.09
786,Armenia,2020,36353.0,19054.0,17299.0,12.3,1.76,10.0
787,Angola,2020,0,0,0,39.79,5.37,-1.3
788,Argentina,2020,0,0,0,16.64,2.23,-0.62
789,Austria,2021,86078.0,42934.0,40669.0,9.6,1.44,-1.37
790,Australia,2020,0,0,0,11.5,1.58,-4.59
791,Azerbaijan,2021,112284.0,67407.0,59164.0,11.1,1.7,-6.08
792,Bosnia Herzegovina,2020,29467.0,16790.0,15757.0,7.78,1.24,-0.88
793,Barbados,2020,0,0,0,10.6,1.63,0.31
794,Bangladesh,2020,0,0,0,17.55,1.99,-1.19
795,Belgium,2021,118349.0,58507.0,55843.0,10.2,1.55,-3.13
796,Burkina Faso,2020,0,0,0,36.99,5.03,-1.57
797,Bulgaria,2021,58678.0,30372.0,28714.0,8.5,1.56,-1.27
798,Bahrain,2020,0,0,0,13.27,1.94,-1.12
799,Burundi,2020,0,0,0,37.77,5.24,-1.58
800,Benin,2020,0,0,0,35.45,4.7,-1.41
801,Brunei,2020,0,0,0,14.08,1.8,-1.26
802,Bolivian,2020,0,0,0,21.19,2.65,-1.38
803,Brazil,2020,0,0,0,13.46,1.71,-0.76
804,Bahamas,2020,0,0,0,13.79,1.73,-0.57
805,Bhutan,2020,0,0,0,16.71,1.93,-1.18
806,Botswana,2020,0,0,0,23.65,2.8,-1.41
807,Belarus,2020,87602.0,48240.0,45802.0,9.3,1.38,0.0
808,Belize,2020,0,0,0,20.25,2.25,-1.23
809,Canada,2020,388729.0,199381.0,189348.0,9.4,1.4,-4.76
810,Democratic Republic Of Congo,2020,0,0,0,40.11,5.72,-1.74
811,Central African Republic,2020,0,0,0,34.88,4.57,-1.66
812,Republic Of Congo,2020,0,0,0,31.99,4.32,-1.21
813,Swiss,2021,89644.0,44299.0,41615.0,10.3,1.46,-1.35
814,Ivory Coast,2020,0,0,0,35.17,4.54,-1.24
815,Chili,2020,0,0,0,11.99,1.61,-0.98
816,Cameroon,2020,0,0,0,34.42,4.44,-1.4
817,Colombia,2020,649742.0,333299.0,316443.0,14.42,1.77,-1.01
818,Costa Rica,2020,0,0,0,13.4,1.72,-0.92
819,Cuba,2020,0,0,0,9.78,1.59,-0.75
820,Cape Verde,2020,0,0,0,18.64,2.21,-1.29
821,Cyprus,2021,10150.0,5190.0,4740.0,11.3,1.36,2.26
822,Czech Republic,2021,111793.0,56276.0,53924.0,10.6,1.71,0.0
823,Djibouti,2020,0,0,0,20.54,2.63,-1.83
824,Denmark,2021,63473.0,31175.0,29762.0,10.8,1.68,-1.18
825,Dominica,2017,0,0,0,9.6,1.9,0.0
826,Dominican Republic,2020,0,0,0,18.86,2.3,-1.03
827,Algeria,2020,0,0,0,22.78,2.94,-1.54
828,Ecuador,2020,0,0,0,19.19,2.38,-0.96
829,Estonia,2021,13272.0,6736.0,6473.0,10.0,1.58,-4.82
830,Egypt,2020,0,0,0,25.07,3.24,-1.34
831,Eritrea,2020,0,0,0,29.22,3.93,-1.6
832,Ethiopia,2020,0,0,0,31.44,4.05,-2.34
833,Finland,2021,49594.0,23778.0,22685.0,9.0,1.37,1.48
834,Fiji,2020,0,0,0,20.6,2.73,-0.91
835,Federated States Of Micronesia,2020,0,0,0,22.61,2.97,-1.4
836,Gabon,2020,0,0,0,30.26,3.87,-1.35
837,Grenade,2020,0,0,0,15.9,2.02,-0.93
838,Georgia,2021,45946.0,24289.0,22231.0,12.4,1.98,-1.98
839,Ghana,2020,0,0,0,28.6,3.77,-1.34
840,Gambia,2020,0,0,0,37.59,5.09,-1.3
841,Guinea,2020,0,0,0,35.57,4.55,-1.58
842,Equatorial Guinea,2020,0,0,0,32.35,4.35,-1.87
843,Greece,2021,85303.0,43531.0,41233.0,8.0,1.39,3.73
844,Guatemala,2020,0,0,0,23.85,2.78,-1.59
845,Guinea-Bissau,2020,0,0,0,34.01,4.33,-1.61
846,Guyana,2020,0,0,0,19.47,2.42,-0.9
847,Hong Kong,2020,0,0,0,5.8,0.87,-17.41
848,Honduras,2020,0,0,0,21.06,2.39,-1.36
849,Croatia,2021,36508.0,18389.0,17456.0,9.2,1.48,0.68
850,Haiti,2020,0,0,0,23.58,2.84,-1.56
851,Hungary,2021,94003.0,48273.0,45534.0,9.7,1.59,2.58
852,Indonesia,2020,0,0,0,17.45,2.27,-0.96
853,Ireland,2021,58440.0,28902.0,27057.0,11.6,1.63,-4.68
854,Israel,2020,0,0,0,19.2,2.9,-3.65
855,India,2020,0,0,0,17.44,2.18,-0.82
856,Iraq,2020,0,0,0,28.14,3.54,-1.67
857,Iran,2020,0,0,0,17.94,2.14,-0.19
858,Iceland,2021,4879.0,2385.0,2127.0,13.1,1.72,-1.15
859,Jamaica,2020,0,0,0,15.7,1.95,-0.76
860,Jordan,2020,0,0,0,21.11,2.64,-1.93
861,Kenya,2020,0,0,0,27.94,3.37,-1.69
862,Kyrgyzstan,2020,0,0,0,24.0,3.0,-9.09
863,Cambodia,2020,0,0,0,21.56,2.45,-1.01
864,Kiribati,2020,0,0,0,27.0,3.49,-1.05
865,Comoros,2020,0,0,0,30.95,4.07,-1.57
866,Saint Kitts Nevis,2019,0,0,0,11.2,2.11,-12.21
867,North Korea,2020,0,0,0,13.78,1.89,-0.47
868,South Korea,2021,260562.0,0,0,5.1,0.81,-3.46
869,Kuwait,2020,0,0,0,12.62,2.07,-0.43
870,Kazakhstan,2020,0,0,0,22.76,3.13,7.93
871,Laos,2020,0,0,0,22.66,2.58,-1.64
872,Lebanon,2020,0,0,0,17.17,2.06,-0.72
873,St. Lucia,2020,0,0,0,11.66,1.41,-0.91
874,Liechtenstein,2021,375.0,165.0,188.0,9.6,1.46,-1.35
875,Sri Lanka,2020,0,0,0,15.25,2.17,-0.64
876,Liberia,2020,0,0,0,32.36,4.18,-1.51
877,Lesotho,2020,0,0,0,26.0,3.07,-1.22
878,Lithuania,2021,23330.0,13029.0,12115.0,8.3,1.48,-8.07
879,Luxembourg,2021,6690.0,3296.0,3163.0,10.5,1.36,1.49
880,Latvia,2021,17420.0,9036.0,8516.0,9.2,1.55,-3.73
881,Libya,2020,0,0,0,17.81,2.18,-1.41
882,Morocco,2020,0,0,0,18.1,2.35,-1.22
883,Monaco,2018,227.0,0,0,462.0,432.0,5.9
884,Moldova,2020,30730.0,16111.0,14619.0,11.7,1.28,0.71
885,Montenegro,2021,7033.0,3674.0,3423.0,11.4,1.75,-1.13
886,Madagascar,2020,0,0,0,32.15,3.98,-1.24
887,Marshall Islands,2011,0,0,0,29.0,4.05,-10.0
888,North Macedonia,2021,18648.0,9796.0,9235.0,9.5,1.31,-2.24
889,Mali,2020,0,0,0,40.56,5.69,-1.59
890,Myanmar,2020,0,0,0,17.23,2.12,-0.8
891,Mongolia,2020,0,0,0,22.56,2.83,-1.15
892,Mauritania,2020,0,0,0,32.84,4.45,-1.2
893,Malt,2021,4395.0,2283.0,2131.0,8.5,1.13,-0.88
894,Mauricio,2020,0,0,0,10.6,1.44,2.86
895,Maldives,2020,0,0,0,13.06,1.82,-1.36
896,Malawi,2020,0,0,0,33.42,4.06,-1.74
897,Mexico,2020,1629211.0,828944.0,800264.0,17.01,2.08,-1.14
898,Malaysia,2020,0,0,0,16.44,1.97,-0.91
899,Mozambique,2020,0,0,0,36.81,4.71,-1.46
900,Namibia,2020,0,0,0,27.66,3.29,-1.53
901,Niger,2020,0,0,0,45.21,6.74,-1.3
902,Nigeria,2020,0,0,0,37.01,5.25,-1.3
903,Nicaragua,2020,0,0,0,19.79,2.35,-1.18
904,Netherlands,2021,179441.0,86497.0,82184.0,10.2,1.54,-1.91
905,Norway,2021,56060.0,27063.0,25916.0,10.4,1.48,-3.27
906,Nepal,2020,0,0,0,19.26,1.85,-1.65
907,New Zealand,2020,0,0,0,11.32,1.61,-6.4
908,Oman,2020,0,0,0,17.78,2.78,-2.08
909,Panama,2020,0,0,0,18.45,2.42,-0.9
910,Peru,2020,421096.0,0,0,12.9,2.21,-0.94
911,Papua New Guinea,2020,0,0,0,26.52,3.48,-1.22
912,Philippines,2020,0,0,0,19.89,2.49,-1.43
913,Pakistan,2020,0,0,0,27.38,3.39,-1.74
914,Poland,2021,331511.0,182300.0,173009.0,8.8,1.39,-3.47
915,State Of Palestine,2020,0,0,0,28.21,3.49,-1.99
916,Palau,2020,0,0,0,11.0,2.21,-0.9
917,Paraguayan,2020,0,0,0,20.09,2.38,-0.91
918,Taste,2020,0,0,0,9.23,1.83,-1.03
919,Romania,2021,178496.0,102340.0,95962.0,9.3,1.8,1.69
920,Serbian,2021,62180.0,31783.0,29909.0,9.1,1.48,-2.63
921,Russia,2020,1940579.0,984552.0,928920.0,9.8,1.51,0.07
922,Rwanda,2020,0,0,0,30.73,3.93,-1.6
923,Saudi Arabia,2020,0,0,0,16.81,2.24,-1.63
924,Solomon Islands,2020,0,0,0,31.45,4.31,-1.19
925,Seychelles,2020,0,0,0,15.8,2.29,-2.97
926,Sudan,2020,0,0,0,31.49,4.29,-1.33
927,Sweden,2021,114263.0,58255.0,54822.0,11.0,1.67,-2.34
928,Singapore,2020,0,0,0,8.5,1.1,-3.51
929,Slovenia,2021,18984.0,9693.0,9074.0,9.0,1.59,-1.24
930,Slovakia,2021,56565.0,28928.0,27722.0,10.4,1.59,1.27
931,Sierra Leone,2020,0,0,0,32.35,4.08,-2.21
932,San Marino,2021,212.0,121.0,107.0,6.2,1.26,0.0
933,Senegal,2020,0,0,0,33.42,4.49,-1.43
934,Somalia,2020,0,0,0,41.41,5.89,-1.56
935,Surinam,2020,0,0,0,18.05,2.37,-0.96
936,South Sudan,2020,0,0,0,34.3,4.54,-1.65
937,Sao Tome Principe,2020,0,0,0,30.81,4.21,-1.24
938,The Savior,2020,0,0,0,17.83,2.0,-0.94
939,Syria,2020,0,0,0,22.71,2.73,-1.34
940,Swatini,2020,0,0,0,25.4,2.92,-1.32
941,Chad,2020,0,0,0,41.16,5.55,-1.7
942,Togo,2020,0,0,0,32.33,4.2,-1.41
943,Thailand,2020,0,0,0,9.99,1.5,-0.86
944,Tajikistan,2020,0,0,0,29.23,3.52,-1.01
945,East Timor,2020,0,0,0,29.02,3.85,-2.28
946,Turkmenistan,2020,0,0,0,22.35,2.7,-1.42
947,Tunisia,2020,0,0,0,16.6,2.15,-1.06
948,Tonga,2020,0,0,0,23.75,3.48,-1.05
949,Turkiye,2021,1079842.0,570892.0,541967.0,12.8,2.04,8.46
950,Trinidad Tobago,2020,0,0,0,12.24,1.7,-0.7
951,Tanzania,2020,0,0,0,35.98,4.77,-1.22
952,Ukraine,2021,271983.0,151568.0,141889.0,6.6,1.22,6.75
953,Uganda,2020,0,0,0,36.67,4.7,-2.51
954,Uruguay,2020,48200.0,0,0,13.62,1.95,-0.56
955,Uzbekistan,2020,0,0,0,24.6,2.9,4.13
956,Saint Vincent The Grenadines,2020,0,0,0,13.94,1.85,-0.96
957,Venezuela,2020,615132.0,316884.0,298248.0,17.3,2.23,-0.89
958,Vietnam,2020,0,0,0,16.12,2.05,-0.2
959,Vanuatu,2020,0,0,0,28.76,3.71,-0.99
960,Samoa,2020,0,0,0,23.86,3.79,-1.17
961,Yemen,2020,0,0,0,29.3,3.61,-2.32
962,South Africa,2020,0,0,0,19.77,2.36,-0.97
963,Zambia,2020,0,0,0,35.44,4.5,-1.38
964,Zimbabwe,2020,0,0,0,28.98,3.46,-2.01
